ArticleID,KeyWord
1,Vision Transformer
1,Deformable Attention
2,Swin Transformer
3,Self-Supervised
3,Depth Estimation
4,Transformer
4,Self-Supervised
4,Monocular Depth Estimation
5,Complementary Depths
5,Monocular 3D Object Detection
6,Gausian Splatting
6,SLAM
7,Adversarial
7,Human Motion Prediction
8,GAN
8,Semi-Supervised
9,Semantic Segmentation
9,Semi-Supervised
10,3D Instance Segmentation
11,RGB Tracking
12,Scence Understanding
13,GAN
14,Adversarial
15,Semi-Supervised
16,Vision Transformer
17,NerF
17,GAN
18,Semantic Segmentation
18,Vision Transformer
19,3D Shape Regconition
20,GAN
20,Semi-Supervised
21,Object Detection
22,Image Classification
23,Diffusion
24,Diffusion
25,Relaxation
26,SSM
27,RT-DETR
27,Object Detection
28,YOLO
28,Object Detection